slug,title,difficulty,paid
maximum-xor-of-two-numbers-in-an-array,Maximum XOR of Two Numbers in an Array,Medium,False
patching-array,Patching Array,Hard,False
divide-two-integers,Divide Two Integers,Medium,False
house-robber,House Robber,Medium,False
max-consecutive-ones-ii,Max Consecutive Ones II,Medium,True
coin-change,Coin Change,Medium,False
binary-tree-maximum-path-sum,Binary Tree Maximum Path Sum,Hard,False
best-time-to-buy-and-sell-stock-with-cooldown,Best Time to Buy and Sell Stock with Cooldown,Medium,False
rotate-function,Rotate Function,Medium,False
longest-valid-parentheses,Longest Valid Parentheses,Hard,False
combination-sum-iv,Combination Sum IV,Medium,False
ones-and-zeroes,Ones and Zeroes,Medium,False
distinct-subsequences,Distinct Subsequences,Hard,False
longest-substring-without-repeating-characters,Longest Substring Without Repeating Characters,Medium,False
reconstruct-itinerary,Reconstruct Itinerary,Hard,False
palindrome-partitioning-ii,Palindrome Partitioning II,Hard,False
additive-number,Additive Number,Medium,False
partition-equal-subset-sum,Partition Equal Subset Sum,Medium,False
word-ladder-ii,Word Ladder II,Hard,False
is-subsequence,Is Subsequence,Easy,False
longest-substring-with-at-least-k-repeating-characters,Longest Substring with At Least K Repeating Characters,Medium,False
target-sum,Target Sum,Medium,False
bomb-enemy,Bomb Enemy,Medium,True
split-array-largest-sum,Split Array Largest Sum,Hard,False
combination-sum-ii,Combination Sum II,Medium,False
largest-bst-subtree,Largest BST Subtree,Medium,True
increasing-triplet-subsequence,Increasing Triplet Subsequence,Medium,False
best-time-to-buy-and-sell-stock-iv,Best Time to Buy and Sell Stock IV,Hard,False
h,,,
palindrome-partitioning,Palindrome Partitioning,Medium,False
third-maximum-number,Third Maximum Number,Easy,False
unique-paths-ii,Unique Paths II,Medium,False
add-binary,Add Binary,Easy,False
create-maximum-number,Create Maximum Number,Hard,False
happy-number,Happy Number,Easy,False
pascal,,,
populating-next-right-pointers-in-each-node,Populating Next Right Pointers in Each Node,Medium,False
minimum-size-subarray-sum,Minimum Size Subarray Sum,Medium,False
path-sum-iii,Path Sum III,Medium,False
sum-of-two-integers,Sum of Two Integers,Medium,False
russian-doll-envelopes,Russian Doll Envelopes,Hard,False
longest-substring-with-at-most-two-distinct-characters,Longest Substring with At Most Two Distinct Characters,Medium,True
total-hamming-distance,Total Hamming Distance,Medium,False
longest-absolute-file-path,Longest Absolute File Path,Medium,False
minimum-genetic-mutation,Minimum Genetic Mutation,Medium,False
integer-break,Integer Break,Medium,False
subsets,Subsets,Medium,False
assign-cookies,Assign Cookies,Easy,False
longest-increasing-path-in-a-matrix,Longest Increasing Path in a Matrix,Hard,False
container-with-most-water,Container With Most Water,Medium,False
maximum-gap,Maximum Gap,Medium,False
non,,,
unique-paths,Unique Paths,Medium,False
path-sum-ii,Path Sum II,Medium,False
pacific-atlantic-water-flow,Pacific Atlantic Water Flow,Medium,False
sum-root-to-leaf-numbers,Sum Root to Leaf Numbers,Medium,False
burst-balloons,Burst Balloons,Hard,False
evaluate-division,Evaluate Division,Medium,False
combination-sum-iii,Combination Sum III,Medium,False
longest-repeating-character-replacement,Longest Repeating Character Replacement,Medium,False
dungeon-game,Dungeon Game,Hard,False
find-peak-element,Find Peak Element,Medium,False
frog-jump,Frog Jump,Hard,False
minimum-depth-of-binary-tree,Minimum Depth of Binary Tree,Easy,False
the-skyline-problem,The Skyline Problem,Hard,False
find-mode-in-binary-search-tree,Find Mode in Binary Search Tree,Easy,False
design-hit-counter,Design Hit Counter,Medium,True
rotate-array,Rotate Array,Medium,False
arithmetic-slices,Arithmetic Slices,Medium,False
jump-game,Jump Game,Medium,False
arithmetic-slices-ii,,,
decode-ways,Decode Ways,Medium,False
maximum-product-of-word-lengths,Maximum Product of Word Lengths,Medium,False
best-time-to-buy-and-sell-stock-iii,Best Time to Buy and Sell Stock III,Hard,False
wiggle-subsequence,Wiggle Subsequence,Medium,False
the-maze,The Maze,Medium,True
different-ways-to-add-parentheses,Different Ways to Add Parentheses,Medium,False
minimum-path-sum,Minimum Path Sum,Medium,False
remove-duplicate-letters,Remove Duplicate Letters,Medium,False
majority-element,Majority Element,Easy,False
best-time-to-buy-and-sell-stock,Best Time to Buy and Sell Stock,Easy,False
predict-the-winner,Predict the Winner,Medium,False
subsets-ii,Subsets II,Medium,False
best-time-to-buy-and-sell-stock-ii,Best Time to Buy and Sell Stock II,Medium,False
largest-divisible-subset,Largest Divisible Subset,Medium,False
the-maze-iii,The Maze III,Hard,True
longest-palindrome,Longest Palindrome,Easy,False
maximum-depth-of-binary-tree,Maximum Depth of Binary Tree,Easy,False
minimum-number-of-arrows-to-burst-balloons,Minimum Number of Arrows to Burst Balloons,Medium,False
house-robber-ii,House Robber II,Medium,False
